Model,Accuracy,Precision,Recall,F1-Score,ROC-AUC,PR-AUC
XGBoost,0.8023634881825591,0.41818181818181815,0.09850107066381156,0.15944540727902945,0.7647788785564412,0.3760246967759165
Logistic Regression,0.6560717196414018,0.32879200726612173,0.7751605995717344,0.461734693877551,0.7687479322232628,0.3799072150895785
